epoch,step,train_acc,train_loss,val_acc,val_loss
0,4,0.125,2.2479145526885986,,
0,9,0.15625,2.131098508834839,,
0,14,0.1770833283662796,2.07501220703125,,
0,19,0.1875,2.0469157695770264,,
0,24,0.25,1.9910329580307007,,
0,29,0.2604166567325592,1.9978688955307007,,
0,34,0.28125,1.919189453125,,
0,39,0.28125,1.8156814575195312,,
0,44,0.3645833432674408,1.73748779296875,,
0,49,0.375,1.7359784841537476,,
0,54,0.3958333432674408,1.712506651878357,,
0,59,0.2291666716337204,1.9153213500976562,,
0,64,0.375,1.7965322732925415,,
0,69,0.3541666567325592,1.7209447622299194,,
0,74,0.4166666567325592,1.6993497610092163,,
0,79,0.4895833432674408,1.6159801483154297,,
0,81,,,0.3354700803756714,1.8464120626449585
1,84,0.40625,1.721883773803711,,
1,89,0.4375,1.603636384010315,,
1,94,0.4166666567325592,1.53387451171875,,
1,99,0.40625,1.6360969543457031,,
1,104,0.4583333432674408,1.501120924949646,,
1,109,0.3541666567325592,1.7310537099838257,,
1,114,0.5416666865348816,1.3491865396499634,,
1,119,0.46875,1.5119367837905884,,
1,124,0.5208333134651184,1.4213396310806274,,
1,129,0.4791666567325592,1.4189256429672241,,
1,134,0.4479166567325592,1.4622761011123657,,
1,139,0.5208333134651184,1.3689435720443726,,
1,144,0.5208333134651184,1.368947982788086,,
1,149,0.6041666865348816,1.1659380197525024,,
1,154,0.6666666865348816,1.1648200750350952,,
1,159,0.5416666865348816,1.416512131690979,,
1,163,,,0.4732905924320221,1.4632656574249268
2,164,0.5208333134651184,1.2223848104476929,,
2,169,0.5833333134651184,1.214141845703125,,
2,174,0.6145833134651184,1.1805979013442993,,
2,179,0.6145833134651184,1.1128183603286743,,
2,184,0.6666666865348816,1.046399712562561,,
2,189,0.5104166865348816,1.3363170623779297,,
2,194,0.59375,1.187487244606018,,
2,199,0.625,1.080910325050354,,
2,204,0.625,1.0532054901123047,,
2,209,0.6354166865348816,1.0115960836410522,,
2,214,0.6666666865348816,1.1282219886779785,,
2,219,0.6770833134651184,0.9283990859985352,,
2,224,0.5833333134651184,1.3356590270996094,,
2,229,0.6145833134651184,1.0026098489761353,,
2,234,0.5833333134651184,1.2541559934616089,,
2,239,0.59375,1.09196937084198,,
2,244,0.65625,0.9833879470825195,,
2,245,,,0.5737179517745972,1.270317792892456
3,249,0.71875,0.8078473210334778,,
3,254,0.71875,0.9201228022575378,,
3,259,0.71875,0.9133608937263489,,
3,264,0.625,0.9443166851997375,,
3,269,0.6770833134651184,0.7824466824531555,,
3,274,0.6979166865348816,0.986049473285675,,
3,279,0.78125,0.7899236679077148,,
3,284,0.6875,1.0129848718643188,,
3,289,0.6354166865348816,0.9554252624511719,,
3,294,0.6875,0.9902142882347107,,
3,299,0.7395833134651184,0.8243797421455383,,
3,304,0.6875,0.9578515887260437,,
3,309,0.75,0.8150455355644226,,
3,314,0.7083333134651184,0.8157634735107422,,
3,319,0.6666666865348816,0.9973565936088562,,
3,324,0.6875,0.9180454611778259,,
3,327,,,0.5662392973899841,1.3269981145858765
4,329,0.6979166865348816,0.8313309550285339,,
4,334,0.6979166865348816,0.7735157012939453,,
4,339,0.7083333134651184,0.852699339389801,,
4,344,0.75,0.7480962872505188,,
4,349,0.7604166865348816,0.6261622309684753,,
4,354,0.71875,0.9619902968406677,,
4,359,0.7395833134651184,0.8183873295783997,,
4,364,0.78125,0.562391996383667,,
4,369,0.71875,0.8135309219360352,,
4,374,0.6875,0.8409151434898376,,
4,379,0.7604166865348816,0.7916970252990723,,
4,384,0.7916666865348816,0.6687862277030945,,
4,389,0.6770833134651184,0.846391499042511,,
4,394,0.7395833134651184,0.646213710308075,,
4,399,0.8020833134651184,0.6272950172424316,,
4,404,0.8125,0.6734718680381775,,
4,409,0.75,0.8837646245956421,,
4,409,,,0.5779914259910583,1.3332444429397583
5,414,0.8541666865348816,0.5234074592590332,,
5,419,0.8125,0.6384241580963135,,
5,424,0.7916666865348816,0.585300624370575,,
5,429,0.7916666865348816,0.5517887473106384,,
5,434,0.7916666865348816,0.704736053943634,,
5,439,0.7604166865348816,0.6836987137794495,,
5,444,0.7708333134651184,0.6371039748191833,,
5,449,0.7916666865348816,0.6218011975288391,,
5,454,0.8333333134651184,0.5349676609039307,,
5,459,0.8541666865348816,0.4973982274532318,,
5,464,0.8229166865348816,0.5868316292762756,,
5,469,0.875,0.3905387222766876,,
5,474,0.84375,0.4141949713230133,,
5,479,0.8229166865348816,0.5748317837715149,,
5,484,0.8541666865348816,0.5783514380455017,,
5,489,0.7916666865348816,0.5815131068229675,,
5,491,,,0.5608974099159241,1.4365891218185425
6,494,0.8854166865348816,0.4407108724117279,,
6,499,0.84375,0.4251342713832855,,
6,504,0.84375,0.5438240170478821,,
6,509,0.8645833134651184,0.4930233955383301,,
6,514,0.8854166865348816,0.36777377128601074,,
6,519,0.9166666865348816,0.33027780055999756,,
6,524,0.8958333134651184,0.3567497730255127,,
6,529,0.8333333134651184,0.4614454507827759,,
6,534,0.8333333134651184,0.5816168189048767,,
6,539,0.8229166865348816,0.4561350345611572,,
6,544,0.8020833134651184,0.5135747790336609,,
6,549,0.8333333134651184,0.5343469977378845,,
6,554,0.8333333134651184,0.46231910586357117,,
6,559,0.8645833134651184,0.5157780051231384,,
6,564,0.8020833134651184,0.5170391201972961,,
6,569,0.8125,0.5892300009727478,,
6,573,,,0.5566239356994629,1.4919462203979492
7,574,0.90625,0.35970965027809143,,
7,579,0.9375,0.34209147095680237,,
7,584,0.90625,0.362985759973526,,
7,589,0.8854166865348816,0.3542642891407013,,
7,594,0.90625,0.3842679262161255,,
7,599,0.8645833134651184,0.4138924181461334,,
7,604,0.875,0.3945981562137604,,
7,609,0.9166666865348816,0.37987732887268066,,
7,614,0.9270833134651184,0.3188614845275879,,
7,619,0.9375,0.2401384860277176,,
7,624,0.9166666865348816,0.3165532052516937,,
7,629,0.8958333134651184,0.31192746758461,,
7,634,0.875,0.3447425067424774,,
7,639,0.9270833134651184,0.2695103883743286,,
7,644,0.9270833134651184,0.3279549777507782,,
7,649,0.90625,0.37666770815849304,,
7,654,0.8958333134651184,0.40414175391197205,,
7,655,,,0.557692289352417,1.5902423858642578
8,659,0.8958333134651184,0.34562572836875916,,
8,664,0.9166666865348816,0.3028610646724701,,
8,669,0.90625,0.32356321811676025,,
8,674,0.9270833134651184,0.25454726815223694,,
8,679,0.8854166865348816,0.3528245985507965,,
8,684,0.9479166865348816,0.278729110956192,,
8,689,0.9375,0.2936055660247803,,
8,694,0.9166666865348816,0.2827737331390381,,
8,699,0.9270833134651184,0.3444364070892334,,
8,704,0.9166666865348816,0.31756511330604553,,
8,709,0.9375,0.2747114598751068,,
8,714,0.9375,0.25230470299720764,,
8,719,0.96875,0.2075067013502121,,
8,724,0.875,0.3343503177165985,,
8,729,0.8958333134651184,0.3695131540298462,,
8,734,0.9270833134651184,0.33978474140167236,,
8,737,,,0.5534188151359558,1.622006893157959
9,739,0.9375,0.26442039012908936,,
9,744,0.9270833134651184,0.29150381684303284,,
9,749,0.9479166865348816,0.2180020660161972,,
9,754,0.9479166865348816,0.23306100070476532,,
9,759,0.90625,0.2962154150009155,,
9,764,0.9479166865348816,0.2246619015932083,,
9,769,0.9375,0.21338438987731934,,
9,774,0.9583333134651184,0.32071805000305176,,
9,779,0.9791666865348816,0.2004735916852951,,
9,784,0.96875,0.23150236904621124,,
9,789,0.9166666865348816,0.22846843302249908,,
9,794,0.9583333134651184,0.2559734582901001,,
9,799,0.9270833134651184,0.27947869896888733,,
9,804,0.9270833134651184,0.25789400935173035,,
9,809,0.9479166865348816,0.27511849999427795,,
9,814,0.9375,0.32077756524086,,
9,819,0.949999988079071,0.23286399245262146,,
9,819,,,0.5480769276618958,1.6282004117965698
